{
	"credit": "Made with Blockbench",
	"texture_size": [32, 32],
	"textures": {
		"0": "./ship_in_bottle",
		"particle": "./ship_in_bottle"
	},
	"elements": [
		{
			"from": [8, 1, 3],
			"to": [8, 10, 13],
			"rotation": {"angle": 0, "axis": "y", "origin": [16.5, 16, 10.5]},
			"faces": {
				"north": {"uv": [0, 0, 0, 2], "texture": "#0"},
				"east": {"uv": [11, 1.5, 16, 6], "texture": "#0"},
				"south": {"uv": [0, 0, 0, 4], "texture": "#0"},
				"west": {"uv": [16, 1.5, 11, 6], "texture": "#0"},
				"up": {"uv": [0, 0, 0, 6], "texture": "#0"},
				"down": {"uv": [0, 0, 0, 6], "texture": "#0"}
			}
		},
		{
			"from": [3, 1, 3],
			"to": [13, 11, 13],
			"rotation": {"angle": 0, "axis": "y", "origin": [13, 8, 8]},
			"faces": {
				"north": {"uv": [16, 11, 11, 16], "texture": "#0"},
				"east": {"uv": [11, 11, 16, 16], "texture": "#0"},
				"south": {"uv": [16, 11, 11, 16], "texture": "#0"},
				"west": {"uv": [11, 11, 16, 16], "texture": "#0"},
				"up": {"uv": [11, 6, 16, 11], "rotation": 270, "texture": "#0"},
				"down": {"uv": [6, 11, 11, 16], "rotation": 90, "texture": "#0"}
			}
		},
		{
			"from": [13, 1, 3],
			"to": [3, 11, 13],
			"rotation": {"angle": 0, "axis": "y", "origin": [13, 8, 8]},
			"faces": {
				"north": {"uv": [11, 11, 16, 16], "texture": "#0"},
				"east": {"uv": [16, 11, 11, 16], "texture": "#0"},
				"south": {"uv": [11, 11, 16, 16], "texture": "#0"},
				"west": {"uv": [16, 11, 11, 16], "texture": "#0"},
				"up": {"uv": [16, 6, 11, 11], "rotation": 90, "texture": "#0"},
				"down": {"uv": [11, 11, 6, 16], "rotation": 270, "texture": "#0"}
			}
		},
		{
			"from": [6, 11, 6],
			"to": [10, 15, 10],
			"rotation": {"angle": 0, "axis": "y", "origin": [13, 8, 8]},
			"faces": {
				"north": {"uv": [7, 9, 9, 11], "texture": "#0"},
				"east": {"uv": [9, 9, 7, 11], "texture": "#0"},
				"south": {"uv": [9, 9, 11, 11], "texture": "#0"},
				"west": {"uv": [11, 9, 9, 11], "texture": "#0"},
				"up": {"uv": [9, 7, 11, 9], "rotation": 270, "texture": "#0"}
			}
		},
		{
			"from": [5, 0, 5],
			"to": [11, 1, 11],
			"rotation": {"angle": 0, "axis": "y", "origin": [13, 8, 8]},
			"faces": {
				"north": {"uv": [3, 15.5, 6, 16], "texture": "#0"},
				"east": {"uv": [3, 15.5, 6, 16], "texture": "#0"},
				"south": {"uv": [6, 15.5, 3, 16], "texture": "#0"},
				"west": {"uv": [6, 15.5, 3, 16], "texture": "#0"},
				"down": {"uv": [3, 12.5, 6, 15.5], "rotation": 90, "texture": "#0"}
			}
		}
	],
	"display": {
		"thirdperson_righthand": {
			"rotation": [43, 102, 0],
			"translation": [0.25, 7, 4.25]
		},
		"thirdperson_lefthand": {
			"rotation": [43, 102, 0],
			"translation": [0.25, 7, 4.25]
		},
		"firstperson_righthand": {
			"rotation": [-11, 68, 1],
			"translation": [0, 0, -3.75]
		},
		"firstperson_lefthand": {
			"rotation": [-11, 68, 1],
			"translation": [0, 0, -3.75]
		},
		"ground": {
			"translation": [0, 5.5, 0]
		},
		"gui": {
			"rotation": [35, -45, 0],
			"translation": [0, 0.75, 0],
			"scale": [0.85, 0.85, 0.85]
		},
		"head": {
			"rotation": [0, -180, 0],
			"translation": [0, 19.5, 0],
			"scale": [1.66, 1.66, 1.66]
		},
		"fixed": {
			"rotation": [0, 90, -90],
			"translation": [0, 0, -14],
			"scale": [2, 2, 2]
		}
	}
}