{
	"credit": "Made with Blockbench",
	"texture_size": [32, 32],
	"textures": {
		"0": "./ship_in_bottle",
		"particle": "./ship_in_bottle"
	},
	"elements": [
		{
			"from": [8, 2, 1],
			"to": [8, 8, 11],
			"rotation": {"angle": 0, "axis": "y", "origin": [16.5, 16, 10.5]},
			"faces": {
				"north": {"uv": [0, 0, 0, 2], "texture": "#0"},
				"east": {"uv": [0, 8, 5, 11], "texture": "#0"},
				"south": {"uv": [0, 0, 0, 2], "texture": "#0"},
				"west": {"uv": [5, 8, 0, 11], "texture": "#0"},
				"up": {"uv": [0, 0, 0, 6], "texture": "#0"},
				"down": {"uv": [0, 0, 0, 6], "texture": "#0"}
			}
		},
		{
			"from": [5, 2, 1],
			"to": [11, 8, 11],
			"rotation": {"angle": 0, "axis": "y", "origin": [13, 8, 8]},
			"faces": {
				"north": {"uv": [5, 0, 8, 3], "texture": "#0"},
				"east": {"uv": [0, 0, 5, 3], "texture": "#0"},
				"south": {"uv": [8, 3, 5, 6], "texture": "#0"},
				"west": {"uv": [5, 0, 0, 3], "texture": "#0"},
				"up": {"uv": [0, 3, 5, 6], "rotation": 270, "texture": "#0"},
				"down": {"uv": [0, 3, 5, 6], "rotation": 90, "texture": "#0"}
			}
		},
		{
			"from": [11, 2, 1],
			"to": [5, 8, 11],
			"rotation": {"angle": 0, "axis": "y", "origin": [13, 8, 8]},
			"faces": {
				"north": {"uv": [5, 0, 8, 3], "texture": "#0"},
				"east": {"uv": [0, 0, 5, 3], "texture": "#0"},
				"south": {"uv": [8, 3, 5, 6], "texture": "#0"},
				"west": {"uv": [5, 0, 0, 3], "texture": "#0"},
				"up": {"uv": [5, 3, 0, 6], "rotation": 90, "texture": "#0"},
				"down": {"uv": [5, 3, 0, 6], "rotation": 270, "texture": "#0"}
			}
		},
		{
			"from": [7, 4, 11],
			"to": [9, 6, 15],
			"rotation": {"angle": 0, "axis": "y", "origin": [13, 8, 8]},
			"faces": {
				"east": {"uv": [8, 0, 10, 1], "texture": "#0"},
				"south": {"uv": [9, 2, 8, 3], "texture": "#0"},
				"west": {"uv": [10, 0, 8, 1], "texture": "#0"},
				"up": {"uv": [8, 1, 10, 2], "rotation": 270, "texture": "#0"},
				"down": {"uv": [8, 0.5, 10, 1], "rotation": 90, "texture": "#0"}
			}
		},
		{
			"from": [3, 0, 9],
			"to": [13, 4, 9],
			"rotation": {"angle": 0, "axis": "y", "origin": [20, 10, 14]},
			"faces": {
				"north": {"uv": [0, 6, 5, 8], "texture": "#0"},
				"east": {"uv": [3.5, 4, 4.5, 5.5], "texture": "#0"},
				"south": {"uv": [5, 6, 0, 8], "texture": "#0"},
				"west": {"uv": [0, 0, 6.5, 9], "texture": "#0"},
				"up": {"uv": [3.5, 4, 4.5, 4.5], "rotation": 270, "texture": "#0"},
				"down": {"uv": [3.5, 5, 4.5, 5.5], "rotation": 90, "texture": "#0"}
			}
		},
		{
			"from": [3, 0, 3],
			"to": [13, 4, 3],
			"rotation": {"angle": 0, "axis": "y", "origin": [20, 10, 14]},
			"faces": {
				"north": {"uv": [0, 6, 5, 8], "texture": "#0"},
				"east": {"uv": [3.5, 4, 4.5, 5.5], "texture": "#0"},
				"south": {"uv": [5, 6, 0, 8], "texture": "#0"},
				"west": {"uv": [0, 0, 6.5, 9], "texture": "#0"},
				"up": {"uv": [3.5, 4, 4.5, 4.5], "rotation": 270, "texture": "#0"},
				"down": {"uv": [3.5, 5, 4.5, 5.5], "rotation": 90, "texture": "#0"}
			}
		}
	],
	"display": {
		"thirdperson_righthand": {
			"rotation": [58, 102, 0],
			"translation": [1.25, 5.25, 3.75]
		},
		"thirdperson_lefthand": {
			"rotation": [58, 102, 0],
			"translation": [1.25, 5.25, 3.75]
		},
		"firstperson_righthand": {
			"rotation": [1, 97, 1],
			"translation": [-1.5, 4.75, 0.75]
		},
		"firstperson_lefthand": {
			"rotation": [1, 97, 1],
			"translation": [-1.5, 4.75, 0.75]
		},
		"ground": {
			"translation": [0, 5.5, 1]
		},
		"gui": {
			"rotation": [35, -45, 0],
			"translation": [-1, 2, 0]
		},
		"head": {
			"rotation": [0, -180, 0],
			"translation": [0, 19.5, -3.25],
			"scale": [1.66, 1.66, 1.66]
		},
		"fixed": {
			"rotation": [0, 90, -90],
			"translation": [2, 0, -14],
			"scale": [2, 2, 2]
		}
	}
}