{
	"credit": "Made with Blockbench",
	"texture_size": [64, 64],
	"textures": {
		"1": "./katana"
	},
	"elements": [
		{
			"from": [7.25, 7, 8.025],
			"to": [8.75, 29, 8.025],
			"rotation": {"angle": 0, "axis": "y", "origin": [8, 7.875, 7.425]},
			"faces": {
				"north": {"uv": [1, 0, 1.75, 12.5], "texture": "#1"},
				"east": {"uv": [1, 0, 1, 12.5], "texture": "#1"},
				"south": {"uv": [0, 0, 0.75, 12.5], "texture": "#1"},
				"west": {"uv": [0, 0, 0, 12.5], "texture": "#1"},
				"up": {"uv": [1, 0, 0, 0], "rotation": 180, "texture": "#1"},
				"down": {"uv": [2, 0, 1, 0], "rotation": 180, "texture": "#1"}
			}
		},
		{
			"from": [7, -4, 7.55],
			"to": [9, 5, 8.55],
			"rotation": {"angle": 0, "axis": "y", "origin": [8, 7.875, 7.425]},
			"faces": {
				"north": {"uv": [3.5, 0.5, 2.5, 5], "texture": "#1"},
				"east": {"uv": [4, 0.5, 3.5, 5], "texture": "#1"},
				"south": {"uv": [5, 0.5, 4, 5], "texture": "#1"},
				"west": {"uv": [2.5, 0.5, 2, 5], "texture": "#1"},
				"up": {"uv": [3.5, 0, 2.5, 0.5], "rotation": 180, "texture": "#1"},
				"down": {"uv": [4.5, 0.5, 3.5, 0], "rotation": 180, "texture": "#1"}
			}
		},
		{
			"from": [5.5, 5, 8],
			"to": [10.5, 8, 8],
			"rotation": {"angle": 0, "axis": "y", "origin": [8, 7.875, 7.425]},
			"faces": {
				"north": {"uv": [7.5, 0, 5, 1.5], "texture": "#1"},
				"east": {"uv": [7.5, 0, 7.5, 1.5], "texture": "#1"},
				"south": {"uv": [5, 0, 7.5, 1.5], "texture": "#1"},
				"west": {"uv": [5, 0, 5, 1.5], "texture": "#1"},
				"up": {"uv": [7.5, 0, 5, 0], "rotation": 180, "texture": "#1"},
				"down": {"uv": [10, 0, 7.5, 0], "rotation": 180, "texture": "#1"}
			}
		},
		{
			"from": [6.5, 4, 7.05],
			"to": [9.5, 7, 9.05],
			"rotation": {"angle": 0, "axis": "y", "origin": [8, 7.875, 7.425]},
			"faces": {
				"north": {"uv": [6.5, 5, 5, 6.5], "texture": "#1"},
				"east": {"uv": [7.5, 5, 6.5, 6.5], "texture": "#1"},
				"south": {"uv": [9, 5, 7.5, 6.5], "texture": "#1"},
				"west": {"uv": [5, 5, 4, 6.5], "texture": "#1"},
				"up": {"uv": [6.5, 4, 5, 5], "rotation": 180, "texture": "#1"},
				"down": {"uv": [8, 5, 6.5, 4], "rotation": 180, "texture": "#1"}
			}
		},
		{
			"from": [6.75, -4.5, 7.3],
			"to": [9.25, -3, 8.8],
			"rotation": {"angle": 0, "axis": "y", "origin": [8, 7.875, 7.425]},
			"faces": {
				"north": {"uv": [7.75, 4.5, 6.5, 5.25], "texture": "#1"},
				"east": {"uv": [4.75, 7.25, 4, 8], "texture": "#1"},
				"south": {"uv": [7.75, 4.5, 6.5, 5.25], "texture": "#1"},
				"west": {"uv": [2.75, 7.25, 2, 8], "texture": "#1"},
				"up": {"uv": [4, 6.5, 2.75, 7.25], "rotation": 180, "texture": "#1"},
				"down": {"uv": [5.25, 7.25, 4, 6.5], "rotation": 180, "texture": "#1"}
			}
		},
		{
			"from": [6.75, 2.5, 7.3],
			"to": [9.25, 4, 8.8],
			"rotation": {"angle": 0, "axis": "y", "origin": [8, 7.875, 7.425]},
			"faces": {
				"north": {"uv": [4, 7.25, 2.75, 8], "texture": "#1"},
				"east": {"uv": [4.75, 7.25, 4, 8], "texture": "#1"},
				"south": {"uv": [6, 7.25, 4.75, 8], "texture": "#1"},
				"west": {"uv": [2.75, 7.25, 2, 8], "texture": "#1"},
				"up": {"uv": [4, 6.5, 2.75, 7.25], "rotation": 180, "texture": "#1"},
				"down": {"uv": [5.25, 7.25, 4, 6.5], "rotation": 180, "texture": "#1"}
			}
		},
		{
			"from": [7.9, 11, 7.9],
			"to": [8.1, 23.65, 7.9],
			"faces": {
				"north": {"uv": [10, 1.25, 10.25, 9], "texture": "#1"},
				"east": {"uv": [0, 0, 0, 0.5], "texture": "#1"},
				"south": {"uv": [10, 1.25, 10.25, 9], "texture": "#1"},
				"west": {"uv": [0, 0, 0, 0.5], "texture": "#1"},
				"up": {"uv": [0, 0, 0.5, 0], "texture": "#1"},
				"down": {"uv": [0, 0, 0.5, 0], "texture": "#1"}
			}
		},
		{
			"from": [7.9, 11, 8.2],
			"to": [8.1, 23.7, 8.2],
			"faces": {
				"north": {"uv": [10, 1.25, 10.25, 9], "texture": "#1"},
				"east": {"uv": [0, 0, 0, 0.5], "texture": "#1"},
				"south": {"uv": [10.25, 1.25, 10, 9], "texture": "#1"},
				"west": {"uv": [0, 0, 0, 0.5], "texture": "#1"},
				"up": {"uv": [0, 0, 0.5, 0], "texture": "#1"},
				"down": {"uv": [0, 0, 0.5, 0], "texture": "#1"}
			}
		},
		{
			"from": [7.8, 7.875, 7.875],
			"to": [8.2, 10.975, 7.875],
			"faces": {
				"north": {"uv": [0.25, 10.25, 0.46875, 11.9625], "texture": "#1"},
				"east": {"uv": [0, 0, 0, 0.775], "texture": "#1"},
				"south": {"uv": [0.25, 10.25, 0.35, 12.025], "texture": "#1"},
				"west": {"uv": [0, 0, 0, 0.775], "texture": "#1"},
				"up": {"uv": [0, 0, 0.1, 0], "texture": "#1"},
				"down": {"uv": [0, 0, 0.1, 0], "texture": "#1"}
			}
		},
		{
			"from": [7.8, 7.875, 8.175],
			"to": [8.2, 10.975, 8.175],
			"faces": {
				"north": {"uv": [1.5, 10.25, 1.35, 12.025], "texture": "#1"},
				"east": {"uv": [0, 0, 0, 0.775], "texture": "#1"},
				"south": {"uv": [1.25, 10.25, 1.46875, 12.025], "texture": "#1"},
				"west": {"uv": [0, 0, 0, 0.775], "texture": "#1"},
				"up": {"uv": [0, 0, 0.1, 0], "texture": "#1"},
				"down": {"uv": [0, 0, 0.1, 0], "texture": "#1"}
			}
		},
		{
			"from": [7.8, 23.875, 8.175],
			"to": [8.2, 25.875, 8.175],
			"faces": {
				"north": {"uv": [0.25, 1.75, 0.35, 3], "texture": "#1"},
				"east": {"uv": [0, 0, 0, 0.5], "texture": "#1"},
				"south": {"uv": [0.25, 1.75, 0.35, 3], "texture": "#1"},
				"west": {"uv": [0, 0, 0, 0.5], "texture": "#1"},
				"up": {"uv": [0, 0, 0.1, 0], "texture": "#1"},
				"down": {"uv": [0, 0, 0.1, 0], "texture": "#1"}
			}
		},
		{
			"from": [7.8, 23.875, 7.875],
			"to": [8.2, 25.875, 7.875],
			"faces": {
				"north": {"uv": [0.25, 1.75, 0.35, 3], "texture": "#1"},
				"east": {"uv": [0, 0, 0, 0.5], "texture": "#1"},
				"south": {"uv": [1.25, 1.75, 1.35, 3], "texture": "#1"},
				"west": {"uv": [0, 0, 0, 0.5], "texture": "#1"},
				"up": {"uv": [0, 0, 0.1, 0], "texture": "#1"},
				"down": {"uv": [0, 0, 0.1, 0], "texture": "#1"}
			}
		},
		{
			"from": [9.625, 4.5, 7.1],
			"to": [9.625, 5.5, 9],
			"faces": {
				"north": {"uv": [0, 0, 0, 0.375], "texture": "#1"},
				"east": {"uv": [5.75, 3.25, 6.75, 3.75], "texture": "#1"},
				"south": {"uv": [0, 0, 0, 0.375], "texture": "#1"},
				"west": {"uv": [5.75, 3.25, 6.775, 3.7375], "texture": "#1"},
				"up": {"uv": [0, 0, 0, 0.475], "texture": "#1"},
				"down": {"uv": [0, 0, 0, 0.475], "texture": "#1"}
			}
		},
		{
			"from": [6.425, 4.475, 7.1],
			"to": [6.425, 5.5, 9],
			"faces": {
				"north": {"uv": [0, 0, 0, 0.375], "texture": "#1"},
				"east": {"uv": [5.75, 3.25, 6.725, 3.74375], "texture": "#1"},
				"south": {"uv": [0, 0, 0, 0.375], "texture": "#1"},
				"west": {"uv": [5.76875, 3.25, 6.7375, 3.74375], "texture": "#1"},
				"up": {"uv": [0, 0, 0, 0.475], "texture": "#1"},
				"down": {"uv": [0, 0, 0, 0.475], "texture": "#1"}
			}
		},
		{
			"from": [5.7, 3.7, 7.25],
			"to": [6.4, 4.4, 7.25],
			"rotation": {"angle": 45, "axis": "z", "origin": [8, 6, 0]},
			"faces": {
				"north": {"uv": [7, 7.5, 7.5, 8], "texture": "#1"},
				"east": {"uv": [0, 0, 0, 0.25], "texture": "#1"},
				"south": {"uv": [7, 7.5, 7.5, 8], "texture": "#1"},
				"west": {"uv": [0, 0, 0, 0.25], "texture": "#1"},
				"up": {"uv": [0, 0, 0.25, 0], "texture": "#1"},
				"down": {"uv": [0, 0, 0.25, 0], "texture": "#1"}
			}
		},
		{
			"from": [5.7, 3.7, 8.85],
			"to": [6.4, 4.4, 8.85],
			"rotation": {"angle": 45, "axis": "z", "origin": [8, 6, 0]},
			"faces": {
				"north": {"uv": [7, 7.5, 7.5, 8], "texture": "#1"},
				"east": {"uv": [0, 0, 0, 0.25], "texture": "#1"},
				"south": {"uv": [7, 7.5, 7.5, 8], "texture": "#1"},
				"west": {"uv": [0, 0, 0, 0.25], "texture": "#1"},
				"up": {"uv": [0, 0, 0.25, 0], "texture": "#1"},
				"down": {"uv": [0, 0, 0.25, 0], "texture": "#1"}
			}
		},
		{
			"from": [7.575, 5.575, 6.975],
			"to": [8.575, 6.575, 6.975],
			"rotation": {"angle": 45, "axis": "z", "origin": [8, 6, 0]},
			"faces": {
				"north": {"uv": [7, 7.5, 7.5, 8], "texture": "#1"},
				"east": {"uv": [0, 0, 0, 0.25], "texture": "#1"},
				"south": {"uv": [7, 7.5, 7.5, 8], "texture": "#1"},
				"west": {"uv": [0, 0, 0, 0.25], "texture": "#1"},
				"up": {"uv": [0, 0, 0.25, 0], "texture": "#1"},
				"down": {"uv": [0, 0, 0.25, 0], "texture": "#1"}
			}
		},
		{
			"from": [6.675, 5.55, 6.975],
			"to": [7.475, 6.35, 6.975],
			"rotation": {"angle": 45, "axis": "z", "origin": [8, 6, 0]},
			"faces": {
				"north": {"uv": [7, 7.5, 7.5, 8], "texture": "#1"},
				"east": {"uv": [0, 0, 0, 0.25], "texture": "#1"},
				"south": {"uv": [7, 7.5, 7.5, 8], "texture": "#1"},
				"west": {"uv": [0, 0, 0, 0.25], "texture": "#1"},
				"up": {"uv": [0, 0, 0.25, 0], "texture": "#1"},
				"down": {"uv": [0, 0, 0.25, 0], "texture": "#1"}
			}
		},
		{
			"from": [7.55, 4.675, 6.975],
			"to": [8.35, 5.475, 6.975],
			"rotation": {"angle": 45, "axis": "z", "origin": [8, 6, 0]},
			"faces": {
				"north": {"uv": [7, 7.5, 7.5, 8], "texture": "#1"},
				"east": {"uv": [0, 0, 0, 0.25], "texture": "#1"},
				"south": {"uv": [7, 7.5, 7.5, 8], "texture": "#1"},
				"west": {"uv": [0, 0, 0, 0.25], "texture": "#1"},
				"up": {"uv": [0, 0, 0.25, 0], "texture": "#1"},
				"down": {"uv": [0, 0, 0.25, 0], "texture": "#1"}
			}
		},
		{
			"from": [6.675, 4.675, 6.975],
			"to": [7.375, 5.375, 6.975],
			"rotation": {"angle": 45, "axis": "z", "origin": [8, 6, 0]},
			"faces": {
				"north": {"uv": [7, 7.5, 7.5, 8], "texture": "#1"},
				"east": {"uv": [0, 0, 0, 0.25], "texture": "#1"},
				"south": {"uv": [7, 7.5, 7.5, 8], "texture": "#1"},
				"west": {"uv": [0, 0, 0, 0.25], "texture": "#1"},
				"up": {"uv": [0, 0, 0.25, 0], "texture": "#1"},
				"down": {"uv": [0, 0, 0.25, 0], "texture": "#1"}
			}
		},
		{
			"from": [7.575, 5.575, 9.2],
			"to": [8.575, 6.575, 9.2],
			"rotation": {"angle": 45, "axis": "z", "origin": [8, 6, 0]},
			"faces": {
				"north": {"uv": [7, 7.5, 7.5, 8], "texture": "#1"},
				"east": {"uv": [0, 0, 0, 0.25], "texture": "#1"},
				"south": {"uv": [7, 7.5, 7.5, 8], "rotation": 90, "texture": "#1"},
				"west": {"uv": [0, 0, 0, 0.25], "texture": "#1"},
				"up": {"uv": [0, 0, 0.25, 0], "texture": "#1"},
				"down": {"uv": [0, 0, 0.25, 0], "texture": "#1"}
			}
		},
		{
			"from": [6.675, 5.55, 9.2],
			"to": [7.475, 6.35, 9.2],
			"rotation": {"angle": 45, "axis": "z", "origin": [8, 6, 0]},
			"faces": {
				"north": {"uv": [7, 7.5, 7.5, 8], "texture": "#1"},
				"east": {"uv": [0, 0, 0, 0.25], "texture": "#1"},
				"south": {"uv": [7, 7.5, 7.5, 8], "rotation": 90, "texture": "#1"},
				"west": {"uv": [0, 0, 0, 0.25], "texture": "#1"},
				"up": {"uv": [0, 0, 0.25, 0], "texture": "#1"},
				"down": {"uv": [0, 0, 0.25, 0], "texture": "#1"}
			}
		},
		{
			"from": [7.55, 4.675, 9.2],
			"to": [8.35, 5.475, 9.2],
			"rotation": {"angle": 45, "axis": "z", "origin": [8, 6, 0]},
			"faces": {
				"north": {"uv": [7, 7.5, 7.5, 8], "texture": "#1"},
				"east": {"uv": [0, 0, 0, 0.25], "texture": "#1"},
				"south": {"uv": [7, 7.5, 7.5, 8], "rotation": 90, "texture": "#1"},
				"west": {"uv": [0, 0, 0, 0.25], "texture": "#1"},
				"up": {"uv": [0, 0, 0.25, 0], "texture": "#1"},
				"down": {"uv": [0, 0, 0.25, 0], "texture": "#1"}
			}
		},
		{
			"from": [6.675, 4.675, 9.2],
			"to": [7.375, 5.375, 9.2],
			"rotation": {"angle": 45, "axis": "z", "origin": [8, 6, 0]},
			"faces": {
				"north": {"uv": [7, 7.5, 7.5, 8], "texture": "#1"},
				"east": {"uv": [0, 0, 0, 0.25], "texture": "#1"},
				"south": {"uv": [7, 7.5, 7.5, 8], "rotation": 90, "texture": "#1"},
				"west": {"uv": [0, 0, 0, 0.25], "texture": "#1"},
				"up": {"uv": [0, 0, 0.25, 0], "texture": "#1"},
				"down": {"uv": [0, 0, 0.25, 0], "texture": "#1"}
			}
		}
	],
	"display": {
		"thirdperson_righthand": {
			"rotation": [5, -90, 0],
			"translation": [0, 5, 0.5],
			"scale": [0.82, 0.82, 0.82]
		},
		"thirdperson_lefthand": {
			"rotation": [5, 90, 0],
			"translation": [0, 5, 0.5],
			"scale": [0.82, 0.82, 0.82]
		},
		"firstperson_righthand": {
			"rotation": [-170, -90, -157],
			"translation": [2.38, 3.95, 1.38],
			"scale": [0.48, 0.48, 0.48]
		},
		"firstperson_lefthand": {
			"rotation": [149, 90, -157],
			"translation": [2.38, 3.95, 1.38],
			"scale": [0.48, 0.48, 0.48]
		},
		"ground": {
			"rotation": [-90, 0, 0],
			"translation": [0, -2, 2.5],
			"scale": [0.5, 0.5, 0.5]
		},
		"gui": {
			"rotation": [0, 0, -44.5],
			"translation": [-1.5, -1.25, 0],
			"scale": [0.59375, 0.60938, 0.5]
		},
		"head": {
			"rotation": [0, 0, -168],
			"translation": [-1.5, -11.5, 6.75]
		},
		"fixed": {
			"rotation": [0, 180, -45],
			"translation": [3.5, -3.5, -1.25]
		}
	},
	"groups": [
		0,
		1,
		2,
		3,
		4,
		5,
		6,
		7,
		8,
		9,
		10,
		11,
		12,
		13,
		14,
		15,
		{
			"name": "group",
			"origin": [8, 8, 8],
			"color": 0,
			"children": [16, 17, 18, 19]
		},
		{
			"name": "group",
			"origin": [8, 8, 8],
			"color": 0,
			"children": [20, 21, 22, 23]
		}
	]
}