{
	"credit": "Made with Blockbench",
	"texture_size": [32, 32],
	"textures": {
		"0": "./candelabra"
	},
	"elements": [
		{
			"from": [6, 0, 6],
			"to": [10, 2, 10],
			"rotation": {"angle": 0, "axis": "y", "origin": [10, 8, 14]},
			"faces": {
				"north": {"uv": [1, 0, 3, 1], "texture": "#0"},
				"east": {"uv": [1, 0, 3, 1], "texture": "#0"},
				"south": {"uv": [1, 0, 3, 1], "texture": "#0"},
				"west": {"uv": [1, 0, 3, 1], "texture": "#0"},
				"up": {"uv": [1, 1, 3, 3], "rotation": 180, "texture": "#0"},
				"down": {"uv": [1, 5, 3, 3], "rotation": 180, "texture": "#0"}
			}
		},
		{
			"from": [7, 10, 7],
			"to": [9, 16, 9],
			"rotation": {"angle": 0, "axis": "y", "origin": [11, 18, 15]},
			"faces": {
				"north": {"uv": [0, 1.5, 1, 4.5], "texture": "#0"},
				"east": {"uv": [0, 1.5, 1, 4.5], "texture": "#0"},
				"south": {"uv": [0, 1.5, 1, 4.5], "texture": "#0"},
				"west": {"uv": [0, 1.5, 1, 4.5], "texture": "#0"},
				"up": {"uv": [0, 0.5, 1, 1.5], "rotation": 180, "texture": "#0"},
				"down": {"uv": [0, 5.5, 1, 4.5], "rotation": 180, "texture": "#0"}
			}
		},
		{
			"from": [8, 16, 7.5],
			"to": [8, 17, 8.5],
			"rotation": {"angle": 45, "axis": "y", "origin": [8, 16.5, 8]},
			"faces": {
				"north": {"uv": [0, 0, 2.5, 6], "texture": "#0"},
				"east": {"uv": [0, 0, 0.5, 0.5], "texture": "#0"},
				"south": {"uv": [5, 0, 7.5, 6], "texture": "#0"},
				"west": {"uv": [0, 0, 0.5, 0.5], "texture": "#0"},
				"up": {"uv": [0, 6, 2.5, 8.5], "rotation": 180, "texture": "#0"},
				"down": {"uv": [2.5, 8.5, 5, 6], "rotation": 180, "texture": "#0"}
			}
		},
		{
			"from": [8, 16, 7.5],
			"to": [8, 17, 8.5],
			"rotation": {"angle": -45, "axis": "y", "origin": [8, 16.5, 8]},
			"faces": {
				"north": {"uv": [0, 0, 2.5, 6], "texture": "#0"},
				"east": {"uv": [0, 0, 0.5, 0.5], "texture": "#0"},
				"south": {"uv": [5, 0, 7.5, 6], "texture": "#0"},
				"west": {"uv": [0, 0, 0.5, 0.5], "texture": "#0"},
				"up": {"uv": [0, 6, 2.5, 8.5], "rotation": 180, "texture": "#0"},
				"down": {"uv": [2.5, 8.5, 5, 6], "rotation": 180, "texture": "#0"}
			}
		},
		{
			"from": [8, 15, 13.5],
			"to": [8, 16, 14.5],
			"rotation": {"angle": -45, "axis": "y", "origin": [8, 15.5, 14]},
			"faces": {
				"north": {"uv": [0, 0, 2.5, 6], "texture": "#0"},
				"east": {"uv": [0, 0, 0.5, 0.5], "texture": "#0"},
				"south": {"uv": [5, 0, 7.5, 6], "texture": "#0"},
				"west": {"uv": [0, 0, 0.5, 0.5], "texture": "#0"},
				"up": {"uv": [0, 6, 2.5, 8.5], "rotation": 180, "texture": "#0"},
				"down": {"uv": [2.5, 8.5, 5, 6], "rotation": 180, "texture": "#0"}
			}
		},
		{
			"from": [8, 15, 1.5],
			"to": [8, 16, 2.5],
			"rotation": {"angle": -45, "axis": "y", "origin": [8, 15.5, 2]},
			"faces": {
				"north": {"uv": [0, 0, 2.5, 6], "texture": "#0"},
				"east": {"uv": [0, 0, 0.5, 0.5], "texture": "#0"},
				"south": {"uv": [5, 0, 7.5, 6], "texture": "#0"},
				"west": {"uv": [0, 0, 0.5, 0.5], "texture": "#0"},
				"up": {"uv": [0, 6, 2.5, 8.5], "rotation": 180, "texture": "#0"},
				"down": {"uv": [2.5, 8.5, 5, 6], "rotation": 180, "texture": "#0"}
			}
		},
		{
			"from": [7, 9, 13],
			"to": [9, 15, 15],
			"rotation": {"angle": 0, "axis": "y", "origin": [11, 17, 21]},
			"faces": {
				"north": {"uv": [0, 1.5, 1, 4.5], "texture": "#0"},
				"east": {"uv": [0, 1.5, 1, 4.5], "texture": "#0"},
				"south": {"uv": [0, 1.5, 1, 4.5], "texture": "#0"},
				"west": {"uv": [0, 1.5, 1, 4.5], "texture": "#0"},
				"up": {"uv": [0, 0.5, 1, 1.5], "rotation": 180, "texture": "#0"},
				"down": {"uv": [0, 5.5, 1, 4.5], "rotation": 180, "texture": "#0"}
			}
		},
		{
			"from": [8, 15, 13.5],
			"to": [8, 16, 14.5],
			"rotation": {"angle": 45, "axis": "y", "origin": [8, 15.5, 14]},
			"faces": {
				"north": {"uv": [0, 0, 2.5, 6], "texture": "#0"},
				"east": {"uv": [0, 0, 0.5, 0.5], "texture": "#0"},
				"south": {"uv": [5, 0, 7.5, 6], "texture": "#0"},
				"west": {"uv": [0, 0, 0.5, 0.5], "texture": "#0"},
				"up": {"uv": [0, 6, 2.5, 8.5], "rotation": 180, "texture": "#0"},
				"down": {"uv": [2.5, 8.5, 5, 6], "rotation": 180, "texture": "#0"}
			}
		},
		{
			"from": [7, 9, 1],
			"to": [9, 15, 3],
			"rotation": {"angle": 0, "axis": "y", "origin": [11, 17, 9]},
			"faces": {
				"north": {"uv": [0, 1.5, 1, 4.5], "texture": "#0"},
				"east": {"uv": [0, 1.5, 1, 4.5], "texture": "#0"},
				"south": {"uv": [0, 1.5, 1, 4.5], "texture": "#0"},
				"west": {"uv": [0, 1.5, 1, 4.5], "texture": "#0"},
				"up": {"uv": [0, 0.5, 1, 1.5], "rotation": 180, "texture": "#0"},
				"down": {"uv": [0, 5.5, 1, 4.5], "rotation": 180, "texture": "#0"}
			}
		},
		{
			"from": [8, 15, 1.5],
			"to": [8, 16, 2.5],
			"rotation": {"angle": 45, "axis": "y", "origin": [8, 15.5, 2]},
			"faces": {
				"north": {"uv": [0, 0, 2.5, 6], "texture": "#0"},
				"east": {"uv": [0, 0, 0.5, 0.5], "texture": "#0"},
				"south": {"uv": [5, 0, 7.5, 6], "texture": "#0"},
				"west": {"uv": [0, 0, 0.5, 0.5], "texture": "#0"},
				"up": {"uv": [0, 6, 2.5, 8.5], "rotation": 180, "texture": "#0"},
				"down": {"uv": [2.5, 8.5, 5, 6], "rotation": 180, "texture": "#0"}
			}
		},
		{
			"from": [8, 2, 1],
			"to": [8, 10, 15],
			"rotation": {"angle": 0, "axis": "y", "origin": [8, 7.5, 7]},
			"faces": {
				"north": {"uv": [8, 4.5, 8.5, 5], "texture": "#0"},
				"east": {"uv": [10, 0, 3, 4], "texture": "#0"},
				"south": {"uv": [7.5, 4.5, 8, 5], "texture": "#0"},
				"west": {"uv": [3, 0, 10, 4], "texture": "#0"},
				"up": {"uv": [3.5, 8, 4.5, 9], "texture": "#0"},
				"down": {"uv": [3.5, 10, 4.5, 11], "texture": "#0"}
			}
		},
		{
			"from": [8, 15.5, 1],
			"to": [8, 19.5, 3],
			"rotation": {"angle": 0, "axis": "y", "origin": [8, 15.5, 2]},
			"faces": {
				"north": {"uv": [0, 0, 2.5, 6], "texture": "#0"},
				"east": {"uv": [14, 0, 16, 4], "texture": "#0"},
				"south": {"uv": [5, 0, 7.5, 6], "texture": "#0"},
				"west": {"uv": [14, 0, 16, 4], "texture": "#0"},
				"up": {"uv": [0, 6, 2.5, 8.5], "rotation": 180, "texture": "#0"},
				"down": {"uv": [2.5, 8.5, 5, 6], "rotation": 180, "texture": "#0"}
			}
		},
		{
			"from": [8, 15.75, 1.25],
			"to": [8, 18.75, 2.75],
			"rotation": {"angle": 0, "axis": "y", "origin": [8, 15.5, 2]},
			"faces": {
				"north": {"uv": [0, 0, 2.5, 6], "texture": "#0"},
				"east": {"uv": [14, 4, 16, 8], "texture": "#0"},
				"south": {"uv": [5, 0, 7.5, 6], "texture": "#0"},
				"west": {"uv": [14, 4, 16, 8], "texture": "#0"},
				"up": {"uv": [0, 6, 2.5, 8.5], "rotation": 180, "texture": "#0"},
				"down": {"uv": [2.5, 8.5, 5, 6], "rotation": 180, "texture": "#0"}
			}
		},
		{
			"from": [8, 16, 1.5],
			"to": [8, 18, 2.5],
			"rotation": {"angle": 0, "axis": "y", "origin": [8, 15.5, 2]},
			"faces": {
				"north": {"uv": [0, 0, 2.5, 6], "texture": "#0"},
				"east": {"uv": [14, 8, 16, 12], "texture": "#0"},
				"south": {"uv": [5, 0, 7.5, 6], "texture": "#0"},
				"west": {"uv": [14, 8, 16, 12], "texture": "#0"},
				"up": {"uv": [0, 6, 2.5, 8.5], "rotation": 180, "texture": "#0"},
				"down": {"uv": [2.5, 8.5, 5, 6], "rotation": 180, "texture": "#0"}
			}
		},
		{
			"from": [8, 16.125, 1.625],
			"to": [8, 17.625, 2.375],
			"rotation": {"angle": 0, "axis": "y", "origin": [8, 15.5, 2]},
			"faces": {
				"north": {"uv": [0, 0, 2.5, 6], "texture": "#0"},
				"east": {"uv": [14, 12, 16, 16], "texture": "#0"},
				"south": {"uv": [5, 0, 7.5, 6], "texture": "#0"},
				"west": {"uv": [14, 12, 16, 16], "texture": "#0"},
				"up": {"uv": [0, 6, 2.5, 8.5], "rotation": 180, "texture": "#0"},
				"down": {"uv": [2.5, 8.5, 5, 6], "rotation": 180, "texture": "#0"}
			}
		},
		{
			"from": [8, 15.5, 13],
			"to": [8, 19.5, 15],
			"rotation": {"angle": 0, "axis": "y", "origin": [8, 15.5, 2]},
			"faces": {
				"north": {"uv": [0, 0, 2.5, 6], "texture": "#0"},
				"east": {"uv": [14, 0, 16, 4], "texture": "#0"},
				"south": {"uv": [5, 0, 7.5, 6], "texture": "#0"},
				"west": {"uv": [14, 0, 16, 4], "texture": "#0"},
				"up": {"uv": [0, 6, 2.5, 8.5], "rotation": 180, "texture": "#0"},
				"down": {"uv": [2.5, 8.5, 5, 6], "rotation": 180, "texture": "#0"}
			}
		},
		{
			"from": [8, 15.75, 13.25],
			"to": [8, 18.75, 14.75],
			"rotation": {"angle": 0, "axis": "y", "origin": [8, 15.5, 2]},
			"faces": {
				"north": {"uv": [0, 0, 2.5, 6], "texture": "#0"},
				"east": {"uv": [14, 4, 16, 8], "texture": "#0"},
				"south": {"uv": [5, 0, 7.5, 6], "texture": "#0"},
				"west": {"uv": [14, 4, 16, 8], "texture": "#0"},
				"up": {"uv": [0, 6, 2.5, 8.5], "rotation": 180, "texture": "#0"},
				"down": {"uv": [2.5, 8.5, 5, 6], "rotation": 180, "texture": "#0"}
			}
		},
		{
			"from": [8, 16, 13.5],
			"to": [8, 18, 14.5],
			"rotation": {"angle": 0, "axis": "y", "origin": [8, 15.5, 2]},
			"faces": {
				"north": {"uv": [0, 0, 2.5, 6], "texture": "#0"},
				"east": {"uv": [14, 8, 16, 12], "texture": "#0"},
				"south": {"uv": [5, 0, 7.5, 6], "texture": "#0"},
				"west": {"uv": [14, 8, 16, 12], "texture": "#0"},
				"up": {"uv": [0, 6, 2.5, 8.5], "rotation": 180, "texture": "#0"},
				"down": {"uv": [2.5, 8.5, 5, 6], "rotation": 180, "texture": "#0"}
			}
		},
		{
			"from": [8, 16.125, 13.625],
			"to": [8, 17.625, 14.375],
			"rotation": {"angle": 0, "axis": "y", "origin": [8, 15.5, 2]},
			"faces": {
				"north": {"uv": [0, 0, 2.5, 6], "texture": "#0"},
				"east": {"uv": [14, 12, 16, 16], "texture": "#0"},
				"south": {"uv": [5, 0, 7.5, 6], "texture": "#0"},
				"west": {"uv": [14, 12, 16, 16], "texture": "#0"},
				"up": {"uv": [0, 6, 2.5, 8.5], "rotation": 180, "texture": "#0"},
				"down": {"uv": [2.5, 8.5, 5, 6], "rotation": 180, "texture": "#0"}
			}
		},
		{
			"from": [8, 16.5, 7],
			"to": [8, 20.5, 9],
			"rotation": {"angle": 0, "axis": "y", "origin": [8, 15.5, 2]},
			"faces": {
				"north": {"uv": [0, 0, 2.5, 6], "texture": "#0"},
				"east": {"uv": [14, 0, 16, 4], "texture": "#0"},
				"south": {"uv": [5, 0, 7.5, 6], "texture": "#0"},
				"west": {"uv": [14, 0, 16, 4], "texture": "#0"},
				"up": {"uv": [0, 6, 2.5, 8.5], "rotation": 180, "texture": "#0"},
				"down": {"uv": [2.5, 8.5, 5, 6], "rotation": 180, "texture": "#0"}
			}
		},
		{
			"from": [8, 16.75, 7.25],
			"to": [8, 19.75, 8.75],
			"rotation": {"angle": 0, "axis": "y", "origin": [8, 15.5, 2]},
			"faces": {
				"north": {"uv": [0, 0, 2.5, 6], "texture": "#0"},
				"east": {"uv": [14, 4, 16, 8], "texture": "#0"},
				"south": {"uv": [5, 0, 7.5, 6], "texture": "#0"},
				"west": {"uv": [14, 4, 16, 8], "texture": "#0"},
				"up": {"uv": [0, 6, 2.5, 8.5], "rotation": 180, "texture": "#0"},
				"down": {"uv": [2.5, 8.5, 5, 6], "rotation": 180, "texture": "#0"}
			}
		},
		{
			"from": [8, 17, 7.5],
			"to": [8, 19, 8.5],
			"rotation": {"angle": 0, "axis": "y", "origin": [8, 15.5, 2]},
			"faces": {
				"north": {"uv": [0, 0, 2.5, 6], "texture": "#0"},
				"east": {"uv": [14, 8, 16, 12], "texture": "#0"},
				"south": {"uv": [5, 0, 7.5, 6], "texture": "#0"},
				"west": {"uv": [14, 8, 16, 12], "texture": "#0"},
				"up": {"uv": [0, 6, 2.5, 8.5], "rotation": 180, "texture": "#0"},
				"down": {"uv": [2.5, 8.5, 5, 6], "rotation": 180, "texture": "#0"}
			}
		},
		{
			"from": [8, 17.125, 7.625],
			"to": [8, 18.625, 8.375],
			"rotation": {"angle": 0, "axis": "y", "origin": [8, 15.5, 2]},
			"faces": {
				"north": {"uv": [0, 0, 2.5, 6], "texture": "#0"},
				"east": {"uv": [14, 12, 16, 16], "texture": "#0"},
				"south": {"uv": [5, 0, 7.5, 6], "texture": "#0"},
				"west": {"uv": [14, 12, 16, 16], "texture": "#0"},
				"up": {"uv": [0, 6, 2.5, 8.5], "rotation": 180, "texture": "#0"},
				"down": {"uv": [2.5, 8.5, 5, 6], "rotation": 180, "texture": "#0"}
			}
		}
	],
	"display": {
		"thirdperson_righthand": {
			"rotation": [35, 45, 0],
			"translation": [0, 3.75, 4]
		},
		"thirdperson_lefthand": {
			"rotation": [35, 45, 0],
			"translation": [0, 3.75, 4]
		},
		"firstperson_righthand": {
			"rotation": [-15, 15, 10],
			"translation": [0.5, 3.5, -3.25]
		},
		"firstperson_lefthand": {
			"rotation": [-15, 15, 10],
			"translation": [0.5, 3.5, -3.25]
		},
		"ground": {
			"translation": [0, 6, 0]
		},
		"gui": {
			"rotation": [35, 135, 0],
			"translation": [0, -0.5, 0],
			"scale": [0.85, 0.85, 0.85]
		},
		"head": {
			"rotation": [0, 90, 0],
			"translation": [0, 19.5, 0],
			"scale": [1.66, 1.66, 1.66]
		},
		"fixed": {
			"rotation": [-90, 0, 0],
			"translation": [0, 0, -14],
			"scale": [2, 2, 2]
		}
	}
}