{
	"credit": "Made with Blockbench",
	"textures": {
		"0": "./ammo_box",
		"particle": "./ammo_box"
	},
	"elements": [
		{
			"from": [1, 0, 4],
			"to": [15, 7, 12],
			"faces": {
				"north": {"uv": [0, 0, 7, 3.5], "texture": "#0"},
				"east": {"uv": [7, 3.5, 11, 7], "texture": "#0"},
				"south": {"uv": [7, 0, 14, 3.5], "texture": "#0"},
				"west": {"uv": [7, 3.5, 11, 7], "texture": "#0"},
				"up": {"uv": [0, 3.5, 7, 7.5], "rotation": 180, "texture": "#0"},
				"down": {"uv": [7, 9, 14, 13], "texture": "#0"}
			}
		},
		{
			"from": [15, 5, 7],
			"to": [16, 8, 9],
			"rotation": {"angle": 45, "axis": "x", "origin": [1, 7, 12]},
			"faces": {
				"north": {"uv": [12.5, 3.5, 13, 5], "texture": "#0"},
				"east": {"uv": [11, 3.5, 12, 5], "texture": "#0"},
				"south": {"uv": [12, 3.5, 12.5, 5], "texture": "#0"},
				"west": {"uv": [12, 3.5, 11, 5], "texture": "#0"},
				"up": {"uv": [11, 5, 12, 5.5], "rotation": 270, "texture": "#0"},
				"down": {"uv": [11, 5, 12, 5.5], "rotation": 90, "texture": "#0"}
			}
		},
		{
			"from": [0, 5, 7],
			"to": [1, 8, 9],
			"rotation": {"angle": 45, "axis": "x", "origin": [1, 7, 12]},
			"faces": {
				"north": {"uv": [12, 3.5, 12.5, 5], "texture": "#0"},
				"east": {"uv": [12, 3.5, 11, 5], "texture": "#0"},
				"south": {"uv": [12.5, 3.5, 13, 5], "texture": "#0"},
				"west": {"uv": [11, 3.5, 12, 5], "texture": "#0"},
				"up": {"uv": [11, 5, 12, 5.5], "rotation": 90, "texture": "#0"},
				"down": {"uv": [11, 5, 12, 5.5], "rotation": 270, "texture": "#0"}
			}
		},
		{
			"from": [1, 7, 4],
			"to": [15, 9, 12],
			"rotation": {"angle": 45, "axis": "x", "origin": [1, 7, 12]},
			"faces": {
				"north": {"uv": [7, 8, 14, 9], "texture": "#0"},
				"east": {"uv": [7, 7, 11, 8], "texture": "#0"},
				"south": {"uv": [7, 8, 14, 9], "texture": "#0"},
				"west": {"uv": [7, 7, 11, 8], "texture": "#0"},
				"up": {"uv": [0, 11.5, 7, 15.5], "texture": "#0"},
				"down": {"uv": [0, 7.5, 7, 11.5], "texture": "#0"}
			}
		}
	],
	"display": {
		"thirdperson_righthand": {
			"rotation": [48, 0, 0],
			"translation": [0, 5.75, 4.5]
		},
		"thirdperson_lefthand": {
			"rotation": [48, 0, 0],
			"translation": [0, 5, 4.25]
		},
		"firstperson_righthand": {
			"rotation": [11.5, 8.5, 0],
			"translation": [0, 0.5, 0]
		},
		"firstperson_lefthand": {
			"rotation": [11.5, 8.5, 0],
			"translation": [0, 0.5, 0]
		},
		"ground": {
			"translation": [0, 4.5, 0]
		},
		"gui": {
			"rotation": [45, 145, 0],
			"translation": [0, 1.5, 0],
			"scale": [0.8, 0.8, 0.8]
		},
		"head": {
			"translation": [0, 19.5, 0],
			"scale": [1.66, 1.66, 1.66]
		},
		"fixed": {
			"rotation": [-90, 0, 0],
			"translation": [0, 0, -14],
			"scale": [2, 2, 2]
		}
	},
	"groups": [
		0,
		{
			"name": "group",
			"origin": [1, 7, 12],
			"color": 0,
			"children": [1, 2, 3]
		}
	]
}