{
	"credit": "Made with Blockbench",
	"texture_size": [32, 32],
	"textures": {
		"0": "./books4",
		"particle": "./books4"
	},
	"elements": [
		{
			"from": [4, 0, 3],
			"to": [13, 2, 15],
			"rotation": {"angle": 0, "axis": "y", "origin": [7.5, 0.5, 8]},
			"faces": {
				"east": {"uv": [4.5, 0, 5.5, 6], "rotation": 270, "texture": "#0"},
				"up": {"uv": [0, 0, 4.5, 6], "rotation": 180, "texture": "#0"},
				"down": {"uv": [0, 0, 4.5, 6], "rotation": 180, "texture": "#0"}
			}
		},
		{
			"from": [5, 5, 4],
			"to": [12, 7, 14],
			"rotation": {"angle": 0, "axis": "y", "origin": [7.5, 0.5, 8]},
			"faces": {
				"east": {"uv": [3.5, 7, 4.5, 12], "rotation": 270, "texture": "#0"},
				"up": {"uv": [0, 7, 3.5, 12], "rotation": 180, "texture": "#0"}
			}
		},
		{
			"from": [5, 2, 4],
			"to": [13, 5, 15],
			"rotation": {"angle": 0, "axis": "y", "origin": [7.5, 0.5, 8]},
			"faces": {
				"east": {"uv": [10.5, 0, 12, 5.5], "rotation": 270, "texture": "#0"},
				"up": {"uv": [6.5, 0, 10.5, 5.5], "rotation": 180, "texture": "#0"}
			}
		},
		{
			"from": [13.01, 0.01, 3.01],
			"to": [3.99, 1.99, 14.99],
			"rotation": {"angle": 0, "axis": "y", "origin": [7.5, 0.5, 8]},
			"faces": {
				"west": {"uv": [4.5, 0, 5.5, 6], "rotation": 270, "texture": "#0"},
				"up": {"uv": [4.5, 0, 0, 6], "rotation": 180, "texture": "#0"},
				"down": {"uv": [4.5, 0, 0, 6], "rotation": 180, "texture": "#0"}
			}
		},
		{
			"from": [13.01, 2.01, 4.01],
			"to": [4.99, 4.99, 14.99],
			"rotation": {"angle": 0, "axis": "y", "origin": [7.5, 0.5, 8]},
			"faces": {
				"west": {"uv": [10.5, 0, 12, 5.5], "rotation": 270, "texture": "#0"},
				"up": {"uv": [10.5, 0, 6.5, 5.5], "rotation": 180, "texture": "#0"},
				"down": {"uv": [10.5, 0, 6.5, 5.5], "rotation": 180, "texture": "#0"}
			}
		},
		{
			"from": [12.01, 5.01, 4.01],
			"to": [4.99, 6.99, 13.99],
			"rotation": {"angle": 0, "axis": "y", "origin": [7.5, 0.5, 8]},
			"faces": {
				"west": {"uv": [3.5, 7, 4.5, 12], "rotation": 270, "texture": "#0"},
				"up": {"uv": [3.5, 7, 0, 12], "rotation": 180, "texture": "#0"},
				"down": {"uv": [3.5, 7, 0, 12], "rotation": 180, "texture": "#0"}
			}
		},
		{
			"from": [5, 0, 3.5],
			"to": [13, 2, 14.5],
			"rotation": {"angle": 0, "axis": "y", "origin": [7.5, 0.5, 8]},
			"faces": {
				"north": {"uv": [4, 7, 0, 6], "rotation": 180, "texture": "#0"},
				"south": {"uv": [0, 7, 4, 6], "rotation": 180, "texture": "#0"},
				"west": {"uv": [5.5, 0, 6.5, 5.5], "rotation": 90, "texture": "#0"}
			}
		},
		{
			"from": [6, 2, 4.5],
			"to": [13, 5, 14.5],
			"rotation": {"angle": 0, "axis": "y", "origin": [7.5, 0.5, 8]},
			"faces": {
				"north": {"uv": [13.5, 7, 10, 5.5], "rotation": 180, "texture": "#0"},
				"south": {"uv": [6.5, 7, 10, 5.5], "rotation": 180, "texture": "#0"},
				"west": {"uv": [12, 0, 13.5, 5], "rotation": 90, "texture": "#0"}
			}
		},
		{
			"from": [6, 5, 4.5],
			"to": [12, 7, 13.5],
			"rotation": {"angle": 0, "axis": "y", "origin": [7.5, 0.5, 8]},
			"faces": {
				"north": {"uv": [3, 13, 0, 12], "rotation": 180, "texture": "#0"},
				"south": {"uv": [0, 13, 3, 12], "rotation": 180, "texture": "#0"},
				"west": {"uv": [4.5, 7, 5.5, 11.5], "rotation": 90, "texture": "#0"}
			}
		}
	],
	"display": {
		"thirdperson_righthand": {
			"rotation": [0, 90, 45],
			"translation": [-1.75, 5.5, 6.5]
		},
		"thirdperson_lefthand": {
			"rotation": [0, 90, 45],
			"translation": [-1.75, 5.5, 6.5]
		},
		"firstperson_righthand": {
			"rotation": [10, -90, 0],
			"translation": [1.75, 7.5, 0.25]
		},
		"firstperson_lefthand": {
			"rotation": [10, -90, 0],
			"translation": [1.75, 7.5, 0.25]
		},
		"ground": {
			"translation": [0, 5, 0]
		},
		"gui": {
			"rotation": [35, 35, 0],
			"translation": [-1, 4, 0]
		},
		"head": {
			"translation": [-0.75, 19.5, -1.75],
			"scale": [1.66, 1.66, 1.66]
		},
		"fixed": {
			"rotation": [-90, 0, 0],
			"translation": [0, -2, -14.25],
			"scale": [2, 2, 2]
		}
	}
}