{
	"credit": "Made with Blockbench",
	"texture_size": [48, 48],
	"textures": {
		"0": "./cassa",
		"particle": "./cassa"
	},
	"elements": [
		{
			"from": [2, 0, 11],
			"to": [14, 10, 15],
			"rotation": {"angle": 0, "axis": "y", "origin": [9.5, 8, 19]},
			"faces": {
				"north": {"uv": [10.33333, 3.33333, 6.33333, 6.66667], "texture": "#0"},
				"east": {"uv": [10.33333, 0, 11.66667, 3.33333], "texture": "#0"},
				"south": {"uv": [6.33333, 0, 10.33333, 3.33333], "texture": "#0"},
				"west": {"uv": [11.66667, 0, 10.33333, 3.33333], "texture": "#0"},
				"up": {"uv": [11.66667, 0, 15.66667, 1.33333], "texture": "#0"},
				"down": {"uv": [11.66667, 1.33333, 15.66667, 2.66667], "texture": "#0"}
			}
		},
		{
			"from": [4.75, -0.25, 10.75],
			"to": [11.25, 10.25, 15.25],
			"rotation": {"angle": 0, "axis": "y", "origin": [9.5, 8, 19]},
			"faces": {
				"north": {"uv": [9.33333, 3.33333, 7.33333, 6.66667], "texture": "#0"},
				"south": {"uv": [7.33333, 0, 9.33333, 3.33333], "texture": "#0"},
				"up": {"uv": [12.66667, 0, 14.66667, 1.33333], "texture": "#0"},
				"down": {"uv": [12.66667, 1.33333, 14.66667, 2.66667], "texture": "#0"}
			}
		},
		{
			"from": [11.25, -0.25, 10.75],
			"to": [4.75, 10.25, 15.25],
			"rotation": {"angle": 0, "axis": "y", "origin": [9.5, 8, 19]},
			"faces": {
				"north": {"uv": [7.33333, 3.33333, 9.33333, 6.66667], "texture": "#0"},
				"south": {"uv": [9.33333, 0, 7.33333, 3.33333], "texture": "#0"},
				"up": {"uv": [14.66667, 0, 12.66667, 1.33333], "texture": "#0"},
				"down": {"uv": [12.66667, 1.33333, 14.66667, 2.66667], "texture": "#0"}
			}
		},
		{
			"from": [1.75, 1, 7],
			"to": [1.75, 9, 9],
			"rotation": {"angle": 0, "axis": "x", "origin": [1.75, 2, 8]},
			"faces": {
				"north": {"uv": [8.5, 5, 15, 10], "texture": "#0"},
				"east": {"uv": [5.66667, 1.66667, 5, 4.33333], "texture": "#0"},
				"south": {"uv": [8.5, 0, 15, 5], "texture": "#0"},
				"west": {"uv": [5, 1.66667, 5.66667, 4.33333], "texture": "#0"},
				"up": {"uv": [8.5, 10, 15, 12], "texture": "#0"},
				"down": {"uv": [3.5, 7, 4, 7.5], "rotation": 90, "texture": "#0"}
			}
		},
		{
			"from": [2, 0, 4],
			"to": [14, 5, 11],
			"rotation": {"angle": 0, "axis": "y", "origin": [10, 8, 10]},
			"faces": {
				"north": {"uv": [0, 2.33333, 4, 4], "texture": "#0"},
				"east": {"uv": [4, 0, 6.33333, 1.66667], "texture": "#0"},
				"south": {"uv": [3.5, 8, 0, 16], "texture": "#0"},
				"west": {"uv": [6.33333, 0, 4, 1.66667], "texture": "#0"},
				"up": {"uv": [0, 0, 4, 2.33333], "rotation": 180, "texture": "#0"},
				"down": {"uv": [11.66667, 2.66667, 15.66667, 5], "texture": "#0"}
			}
		},
		{
			"from": [5, 5.25, 6],
			"to": [12, 5.25, 9],
			"rotation": {"angle": 0, "axis": "y", "origin": [10, 8, 10]},
			"faces": {
				"north": {"uv": [0, 2.33333, 4, 4], "texture": "#0"},
				"east": {"uv": [4, 0, 6.33333, 1.66667], "texture": "#0"},
				"south": {"uv": [3.5, 8, 0, 16], "texture": "#0"},
				"west": {"uv": [6.33333, 0, 4, 1.66667], "texture": "#0"},
				"up": {"uv": [0, 7, 2.33333, 8], "rotation": 180, "texture": "#0"},
				"down": {"uv": [0, 7, 2.33333, 8], "texture": "#0"}
			}
		},
		{
			"from": [2, 0, 1],
			"to": [14, 3, 4],
			"rotation": {"angle": 0, "axis": "y", "origin": [10, 8, 10]},
			"faces": {
				"north": {"uv": [0, 4, 4, 5], "texture": "#0"},
				"east": {"uv": [4, 5, 5, 4], "rotation": 180, "texture": "#0"},
				"west": {"uv": [4, 4, 5, 5], "texture": "#0"},
				"down": {"uv": [0, 6, 4, 7], "texture": "#0"}
			}
		},
		{
			"from": [2, 0.1, 1],
			"to": [14, 0.1, 4],
			"rotation": {"angle": 0, "axis": "y", "origin": [10, 8, 10]},
			"faces": {
				"north": {"uv": [0, 4, 4, 5], "texture": "#0"},
				"east": {"uv": [4, 5, 5, 4], "rotation": 180, "texture": "#0"},
				"west": {"uv": [4, 4, 5, 5], "texture": "#0"},
				"up": {"uv": [0, 5, 4, 6], "rotation": 180, "texture": "#0"}
			}
		},
		{
			"from": [14, 0, 1],
			"to": [2, 3, 4],
			"rotation": {"angle": 0, "axis": "y", "origin": [10, 8, 10]},
			"faces": {
				"north": {"uv": [0, 4, 4, 5], "texture": "#0"},
				"east": {"uv": [4, 5, 5, 4], "rotation": 180, "texture": "#0"},
				"west": {"uv": [4, 4, 5, 5], "texture": "#0"}
			}
		},
		{
			"from": [9.5, 10, 12.5],
			"to": [11.5, 11, 13.5],
			"rotation": {"angle": 0, "axis": "y", "origin": [17.5, 18, 20.5]},
			"faces": {
				"north": {"uv": [5.66667, 1.66667, 6.33333, 2], "texture": "#0"},
				"east": {"uv": [5.66667, 1.66667, 6, 2], "texture": "#0"},
				"south": {"uv": [6.33333, 1.66667, 5.66667, 2], "texture": "#0"},
				"west": {"uv": [6, 1.66667, 6.33333, 2], "texture": "#0"}
			}
		},
		{
			"from": [7.5, 11, 12],
			"to": [13.5, 14, 14],
			"rotation": {"angle": 0, "axis": "y", "origin": [15.5, 19, 20]},
			"faces": {
				"north": {"uv": [4, 5, 6, 6], "texture": "#0"},
				"east": {"uv": [4.66667, 6, 4, 7], "texture": "#0"},
				"south": {"uv": [6, 7, 4, 8], "texture": "#0"},
				"west": {"uv": [4, 6, 4.66667, 7], "texture": "#0"},
				"up": {"uv": [4, 8, 6, 8.66667], "texture": "#0"},
				"down": {"uv": [4, 5.66667, 6, 6], "rotation": 180, "texture": "#0"}
			}
		}
	],
	"display": {
		"thirdperson_righthand": {
			"rotation": [62, 86, 0],
			"translation": [-5.5, 6.25, 4.75]
		},
		"thirdperson_lefthand": {
			"rotation": [62, 86, 0],
			"translation": [-5.5, 6.25, 4.75]
		},
		"firstperson_righthand": {
			"rotation": [1, 104, 1],
			"translation": [0.25, 0.25, -6.25]
		},
		"firstperson_lefthand": {
			"rotation": [1, 104, 1],
			"translation": [0.25, 0.25, -6.25]
		},
		"ground": {
			"translation": [0, 5.5, 0]
		},
		"gui": {
			"rotation": [35, 135, 0],
			"translation": [-0.25, 0.75, 0],
			"scale": [0.72, 0.72, 0.72]
		},
		"head": {
			"translation": [0.25, 19.5, -0.5],
			"scale": [1.66, 1.66, 1.66]
		},
		"fixed": {
			"rotation": [-90, 0, 0],
			"translation": [0, -2, -14],
			"scale": [2, 2, 2]
		}
	}
}