{
	"credit": "Made with Blockbench",
	"texture_size": [32, 32],
	"textures": {
		"0": "./laptop_new",
		"particle": "./laptop_new"
	},
	"elements": [
		{
			"from": [2, 0, 4],
			"to": [14, 1, 12],
			"rotation": {"angle": 0, "axis": "x", "origin": [1.5, 1, 13]},
			"faces": {
				"north": {"uv": [0, 11.5, 6, 12], "texture": "#0"},
				"east": {"uv": [6, 12, 6.5, 16], "rotation": 90, "texture": "#0"},
				"south": {"uv": [0, 11.5, 6, 12], "texture": "#0"},
				"west": {"uv": [6.5, 12, 6, 16], "rotation": 270, "texture": "#0"},
				"up": {"uv": [0, 12, 6, 16], "texture": "#0"},
				"down": {"uv": [6.5, 12, 12.5, 16], "rotation": 180, "texture": "#0"}
			}
		}
	],
	"display": {
		"thirdperson_righthand": {
			"rotation": [90, 3, 8],
			"translation": [-1.5, 2.75, 8.25]
		},
		"thirdperson_lefthand": {
			"rotation": [3, 4, 93],
			"translation": [-7.5, -2, -1.5]
		},
		"firstperson_righthand": {
			"rotation": [20, -180, -12],
			"translation": [-0.75, 6.75, 0.75]
		},
		"firstperson_lefthand": {
			"rotation": [-91, 11, 95],
			"translation": [-4, -2.25, 1.5]
		},
		"ground": {
			"translation": [0, 5, 0]
		},
		"gui": {
			"rotation": [54, 164, 0],
			"translation": [0, 4.25, 0],
			"scale": [1.05, 1.05, 1.05]
		},
		"head": {
			"translation": [0, 19.5, 0],
			"scale": [1.66, 1.66, 1.66]
		},
		"fixed": {
			"rotation": [-90, 0, 0],
			"translation": [0, 0, -14],
			"scale": [2, 2, 2]
		}
	}
}