{
	"credit": "Made with Blockbench",
	"texture_size": [32, 32],
	"textures": {
		"0": "./probir",
		"particle": "./probir"
	},
	"elements": [
		{
			"from": [1.5, 5, 5],
			"to": [14.5, 5, 12],
			"faces": {
				"north": {"uv": [0, 14, 2.5, 14.5], "rotation": 180, "texture": "#0"},
				"east": {"uv": [2.25, 8, 2.5, 13], "rotation": 90, "texture": "#0"},
				"south": {"uv": [0, 12.5, 2.5, 13], "texture": "#0"},
				"west": {"uv": [0, 8, 2.5, 8.5], "texture": "#0"},
				"up": {"uv": [0, 0, 6.5, 3.5], "texture": "#0"},
				"down": {"uv": [6.5, 0, 0, 3.5], "texture": "#0"}
			}
		},
		{
			"from": [1.5, 1, 5],
			"to": [14.5, 2, 12],
			"faces": {
				"north": {"uv": [0, 3.5, 6.5, 4], "rotation": 180, "texture": "#0"},
				"south": {"uv": [0, 3.5, 6.5, 4], "texture": "#0"},
				"up": {"uv": [0, 4, 6.5, 7.5], "texture": "#0"},
				"down": {"uv": [0, 4, 6.5, 7.5], "texture": "#0"}
			}
		},
		{
			"from": [2.5, 2, 6],
			"to": [4.5, 7, 8],
			"faces": {
				"north": {"uv": [12, 0, 13, 2.5], "texture": "#0"},
				"east": {"uv": [11, 0, 12, 2.5], "texture": "#0"},
				"south": {"uv": [10, 0, 11, 2.5], "texture": "#0"},
				"west": {"uv": [12, 0, 11, 2.5], "texture": "#0"},
				"up": {"uv": [13, 0, 14, 1], "texture": "#0"}
			}
		},
		{
			"from": [4.5, 2, 6],
			"to": [2.5, 6, 8],
			"faces": {
				"north": {"uv": [12, 0.5, 13, 2.5], "texture": "#0"},
				"east": {"uv": [11, 0.5, 12, 2.5], "texture": "#0"},
				"south": {"uv": [11, 0.5, 10, 2.5], "texture": "#0"},
				"west": {"uv": [12, 0.5, 11, 2.5], "texture": "#0"},
				"up": {"uv": [13, 0, 14, 1], "texture": "#0"}
			}
		},
		{
			"from": [13.5, 2, 6],
			"to": [11.5, 6, 8],
			"faces": {
				"north": {"uv": [12, 0.5, 13, 2.5], "texture": "#0"},
				"east": {"uv": [11, 0.5, 12, 2.5], "texture": "#0"},
				"south": {"uv": [11, 0.5, 10, 2.5], "texture": "#0"},
				"west": {"uv": [12, 0.5, 11, 2.5], "texture": "#0"},
				"up": {"uv": [13, 0, 14, 1], "texture": "#0"}
			}
		},
		{
			"from": [10.5, 4, 6],
			"to": [8.5, 6, 8],
			"faces": {
				"north": {"uv": [12, 3, 13, 4], "texture": "#0"},
				"east": {"uv": [11, 3, 12, 4], "texture": "#0"},
				"south": {"uv": [11, 3, 10, 4], "texture": "#0"},
				"west": {"uv": [12, 3, 11, 4], "texture": "#0"},
				"up": {"uv": [13, 2.5, 14, 3.5], "texture": "#0"},
				"down": {"uv": [13, 4, 14, 5], "rotation": 270, "texture": "#0"}
			}
		},
		{
			"from": [8.5, 2, 6],
			"to": [10.5, 7, 8],
			"faces": {
				"north": {"uv": [12, 2.5, 13, 5], "texture": "#0"},
				"east": {"uv": [11, 2.5, 12, 5], "texture": "#0"},
				"south": {"uv": [10, 2.5, 11, 5], "texture": "#0"},
				"west": {"uv": [12, 2.5, 11, 5], "texture": "#0"},
				"up": {"uv": [13, 2.5, 14, 3.5], "texture": "#0"}
			}
		},
		{
			"from": [11.5, 2, 6],
			"to": [13.5, 7, 8],
			"faces": {
				"north": {"uv": [12, 0, 13, 2.5], "texture": "#0"},
				"east": {"uv": [11, 0, 12, 2.5], "texture": "#0"},
				"south": {"uv": [10, 0, 11, 2.5], "texture": "#0"},
				"west": {"uv": [12, 0, 11, 2.5], "texture": "#0"},
				"up": {"uv": [13, 0, 14, 1], "texture": "#0"}
			}
		},
		{
			"from": [1.5, 0, 5],
			"to": [1.5, 6, 12],
			"faces": {
				"north": {"uv": [0, 14, 2.5, 14.5], "rotation": 180, "texture": "#0"},
				"east": {"uv": [10, 0, 6.5, 3], "texture": "#0"},
				"south": {"uv": [0, 12.5, 2.5, 13], "texture": "#0"},
				"west": {"uv": [6.5, 0, 10, 3], "texture": "#0"},
				"up": {"uv": [0, 8, 2.5, 13], "texture": "#0"},
				"down": {"uv": [0, 8, 2.5, 13], "rotation": 270, "texture": "#0"}
			}
		},
		{
			"from": [14.5, 0, 5],
			"to": [14.5, 6, 12],
			"faces": {
				"north": {"uv": [0, 14, 2.5, 14.5], "rotation": 180, "texture": "#0"},
				"east": {"uv": [10, 0, 6.5, 3], "texture": "#0"},
				"south": {"uv": [0, 12.5, 2.5, 13], "texture": "#0"},
				"west": {"uv": [6.5, 0, 10, 3], "texture": "#0"},
				"up": {"uv": [0, 8, 2.5, 13], "texture": "#0"},
				"down": {"uv": [0, 8, 2.5, 13], "rotation": 270, "texture": "#0"}
			}
		}
	],
	"gui_light": "front",
	"display": {
		"thirdperson_righthand": {
			"rotation": [59, 7, -9],
			"translation": [0.5, 5.25, 4]
		},
		"thirdperson_lefthand": {
			"rotation": [59, 7, -9],
			"translation": [0.5, 5.25, 4]
		},
		"firstperson_righthand": {
			"rotation": [-13, 5, 6],
			"translation": [0.25, 3.5, -4]
		},
		"firstperson_lefthand": {
			"rotation": [-13, 5, 6],
			"translation": [0.25, 3.5, -4]
		},
		"ground": {
			"translation": [0, 5.5, -0.5]
		},
		"gui": {
			"rotation": [35, -45, 0],
			"translation": [0.25, 3.5, 0],
			"scale": [0.95, 0.95, 0.95]
		},
		"head": {
			"translation": [0, 17.5, -1],
			"scale": [1.6, 1.6, 1.6]
		},
		"fixed": {
			"rotation": [0, 90, -90],
			"translation": [0, 0, -14],
			"scale": [2, 2, 2]
		}
	}
}