{
	"credit": "Made with Blockbench",
	"texture_size": [32, 32],
	"textures": {
		"1": "./spyglass_alt"
	},
	"elements": [
		{
			"from": [7.5, 19, 8],
			"to": [8.5, 21, 9],
			"rotation": {"angle": 0, "axis": "y", "origin": [15.5, 27, 16]},
			"faces": {
				"north": {"uv": [12, 6, 12.5, 7], "texture": "#1"},
				"east": {"uv": [12.5, 6, 13, 7], "texture": "#1"},
				"south": {"uv": [13, 6, 13.5, 7], "texture": "#1"},
				"west": {"uv": [12.5, 6, 13, 7], "texture": "#1"},
				"up": {"uv": [12, 6, 12.5, 6.5], "texture": "#1"},
				"down": {"uv": [12, 6.5, 12.5, 7], "texture": "#1"}
			}
		},
		{
			"from": [6.5, 18, 7],
			"to": [9.5, 19, 10.1],
			"rotation": {"angle": 0, "axis": "y", "origin": [15.5, 26, 16]},
			"faces": {
				"north": {"uv": [8.5, 10, 9, 11.5], "rotation": 90, "texture": "#1"},
				"east": {"uv": [7, 11.5, 8.5, 12], "texture": "#1"},
				"south": {"uv": [7, 11.5, 8.5, 12], "texture": "#1"},
				"west": {"uv": [8.5, 10, 9, 11.5], "rotation": 90, "texture": "#1"},
				"up": {"uv": [7, 10, 8.5, 11.5], "texture": "#1"},
				"down": {"uv": [9, 10, 10.5, 11.5], "rotation": 270, "texture": "#1"}
			}
		},
		{
			"from": [3.5, 11, 4],
			"to": [12.5, 12, 11],
			"rotation": {"angle": 0, "axis": "y", "origin": [13.5, 19, 9]},
			"faces": {
				"north": {"uv": [7, 9.5, 11.5, 10], "rotation": 180, "texture": "#1"},
				"east": {"uv": [11.5, 6, 12, 9.5], "rotation": 90, "texture": "#1"},
				"south": {"uv": [7, 9.5, 11.5, 10], "texture": "#1"},
				"west": {"uv": [11.5, 6, 12, 9.5], "rotation": 90, "texture": "#1"},
				"up": {"uv": [7, 6, 11.5, 9.5], "texture": "#1"},
				"down": {"uv": [7, 6, 11.5, 9.5], "texture": "#1"}
			}
		},
		{
			"from": [-0.8, 0, 9],
			"to": [0.2, 20, 10],
			"rotation": {"angle": -22.5, "axis": "z", "origin": [0.2, 0, 10]},
			"faces": {
				"north": {"uv": [12.5, 6, 13, 16], "texture": "#1"},
				"east": {"uv": [13, 6, 13.5, 16], "texture": "#1"},
				"south": {"uv": [12.5, 6, 13, 16], "texture": "#1"},
				"west": {"uv": [12, 6, 12.5, 16], "texture": "#1"},
				"up": {"uv": [12, 6, 12.5, 6.5], "texture": "#1"},
				"down": {"uv": [12, 15.5, 12.5, 16], "texture": "#1"}
			}
		},
		{
			"from": [15.8, 0, 9],
			"to": [16.8, 20, 10],
			"rotation": {"angle": 22.5, "axis": "z", "origin": [15.8, 0, 9]},
			"faces": {
				"north": {"uv": [12.5, 6, 13, 16], "texture": "#1"},
				"east": {"uv": [12, 6, 12.5, 16], "texture": "#1"},
				"south": {"uv": [12.5, 6, 13, 16], "texture": "#1"},
				"west": {"uv": [13, 6, 13.5, 16], "texture": "#1"},
				"up": {"uv": [12, 6, 12.5, 6.5], "rotation": 180, "texture": "#1"},
				"down": {"uv": [12, 15.5, 12.5, 16], "rotation": 180, "texture": "#1"}
			}
		},
		{
			"from": [7.5, 0, -0.3],
			"to": [8.5, 20, 0.7],
			"rotation": {"angle": 22.5, "axis": "x", "origin": [7.5, 0, 0.7]},
			"faces": {
				"north": {"uv": [12, 6, 12.5, 16], "texture": "#1"},
				"east": {"uv": [12.5, 6, 13, 16], "texture": "#1"},
				"south": {"uv": [13, 6, 13.5, 16], "texture": "#1"},
				"west": {"uv": [12.5, 6, 13, 16], "texture": "#1"},
				"up": {"uv": [12, 6, 12.5, 6.5], "rotation": 90, "texture": "#1"},
				"down": {"uv": [12, 15.5, 12.5, 16], "rotation": 270, "texture": "#1"}
			}
		},
		{
			"from": [6.5, 20.5, 7],
			"to": [9.5, 23.5, 12],
			"rotation": {"angle": 22.5, "axis": "x", "origin": [6.5, 20.5, 8.5]},
			"faces": {
				"north": {"uv": [3.5, 6, 5, 7.5], "texture": "#1"},
				"east": {"uv": [3.5, 4.5, 6, 6], "rotation": 180, "texture": "#1"},
				"south": {"uv": [3.5, 6, 5, 7.5], "texture": "#1"},
				"west": {"uv": [3.5, 1.5, 6, 3], "texture": "#1"},
				"up": {"uv": [3.5, 0, 6, 1.5], "rotation": 90, "texture": "#1"},
				"down": {"uv": [3.5, 3, 6, 4.5], "rotation": 270, "texture": "#1"}
			}
		},
		{
			"from": [6, 20, 0],
			"to": [10, 24, 7],
			"rotation": {"angle": 22.5, "axis": "x", "origin": [6.5, 20.5, 8.5]},
			"faces": {
				"north": {"uv": [14, 9, 16, 11], "texture": "#1"},
				"east": {"uv": [0, 6, 3.5, 8], "rotation": 180, "texture": "#1"},
				"south": {"uv": [0.5, 8, 2.5, 10], "texture": "#1"},
				"west": {"uv": [0, 0, 3.5, 2], "texture": "#1"},
				"up": {"uv": [0, 2, 3.5, 4], "rotation": 90, "texture": "#1"},
				"down": {"uv": [0, 4, 3.5, 6], "rotation": 270, "texture": "#1"}
			}
		},
		{
			"from": [5.5, 19.5, -0.5],
			"to": [10.5, 24.5, 1.5],
			"rotation": {"angle": 22.5, "axis": "x", "origin": [6.5, 20.5, 8.5]},
			"faces": {
				"north": {"uv": [13.5, 0, 16, 2.5], "texture": "#1"},
				"east": {"uv": [16, 3.5, 13.5, 4.5], "rotation": 270, "texture": "#1"},
				"south": {"uv": [13.5, 6.5, 16, 9], "texture": "#1"},
				"west": {"uv": [13.5, 3.5, 16, 4.5], "rotation": 90, "texture": "#1"},
				"up": {"uv": [13.5, 2.5, 16, 3.5], "rotation": 180, "texture": "#1"},
				"down": {"uv": [13.5, 5.5, 16, 6.5], "rotation": 180, "texture": "#1"}
			}
		},
		{
			"from": [7, 21, 12],
			"to": [9, 23, 15],
			"rotation": {"angle": 22.5, "axis": "x", "origin": [6.5, 20.5, 8.5]},
			"faces": {
				"north": {"uv": [5.5, 4, 6.5, 5], "texture": "#1"},
				"east": {"uv": [6, 1, 7.5, 2], "rotation": 180, "texture": "#1"},
				"south": {"uv": [6, 4, 7, 5], "rotation": 270, "texture": "#1"},
				"west": {"uv": [6, 3, 7.5, 4], "texture": "#1"},
				"up": {"uv": [6, 0, 7.5, 1], "rotation": 90, "texture": "#1"},
				"down": {"uv": [6, 2, 7.5, 3], "rotation": 270, "texture": "#1"}
			}
		}
	],
	"overrides": [
		{
			"predicate": {
				"scoping": 1
			},
			"model": "item/spyglass_in_use"
		}
	],
	"display": {
		"thirdperson_righthand": {
			"rotation": [173, 0, -180],
			"translation": [-0.25, -12.25, 4.25]
		},
		"thirdperson_lefthand": {
			"rotation": [173, 0, -180],
			"translation": [-0.25, -11.5, 3.5]
		},
		"firstperson_righthand": {
			"rotation": [-1, -180, 0],
			"translation": [2.5, -4.25, 0.25]
		},
		"firstperson_lefthand": {
			"rotation": [17.25, -180, 0],
			"translation": [2.5, 0, 0.25]
		},
		"ground": {
			"translation": [0, 3.25, 0]
		},
		"gui": {
			"rotation": [25, 135, 0],
			"translation": [0.5, -2, 0],
			"scale": [0.57, 0.57, 0.57]
		},
		"head": {
			"rotation": [-22, 0, 0],
			"translation": [0, -21.75, -8],
			"scale": [1.64, 1.64, 1.64]
		},
		"fixed": {
			"rotation": [-90, 0, 0],
			"translation": [0, 5.25, -12.5],
			"scale": [2, 2, 2]
		}
	},
	"groups": [0, 1, 2, 3, 4, 5,
		{
			"name": "spyglass",
			"origin": [8, 8, 8],
			"color": 0,
			"children": [6, 7, 8, 9]
		}
	]
}