{
	"credit": "Made with Blockbench",
	"texture_size": [32, 32],
	"textures": {
		"0": "./flare",
		"particle": "./flare"
	},
	"elements": [
		{
			"from": [8, 7.5, 5],
			"to": [8, 9.5, 10.5],
			"rotation": {"angle": 0, "axis": "y", "origin": [16, 15.5, 13]},
			"faces": {
				"north": {"uv": [0, 0, 0, 1.25], "texture": "#0"},
				"east": {"uv": [8, 11.5, 2.5, 13.5], "texture": "#0"},
				"south": {"uv": [0, 0, 0, 1.25], "texture": "#0"},
				"west": {"uv": [2.5, 11.5, 8, 13.5], "texture": "#0"},
				"up": {"uv": [0, 0, 0, 2.25], "texture": "#0"},
				"down": {"uv": [0, 0, 0, 2.25], "texture": "#0"}
			}
		},
		{
			"from": [8, 11.5, 10],
			"to": [8, 14, 12],
			"rotation": {"angle": 0, "axis": "x", "origin": [8, 12, 9.75]},
			"faces": {
				"north": {"uv": [0, 0, 0, 2], "texture": "#0"},
				"east": {"uv": [8.5, 6.5, 6.5, 9], "texture": "#0"},
				"south": {"uv": [0, 0, 0, 2], "texture": "#0"},
				"west": {"uv": [6.5, 6.5, 8.5, 9], "texture": "#0"},
				"up": {"uv": [0, 0, 0, 2], "texture": "#0"},
				"down": {"uv": [0, 0, 0, 2], "texture": "#0"}
			}
		},
		{
			"from": [7.25, 11.5, 8],
			"to": [8.75, 13.5, 10],
			"rotation": {"angle": 0, "axis": "y", "origin": [15.25, 18.5, 15]},
			"faces": {
				"north": {"uv": [5, 2.5, 5.5, 4.5], "texture": "#0"},
				"east": {"uv": [7, 2.5, 5, 4.5], "texture": "#0"},
				"south": {"uv": [6.5, 2.5, 7, 4.5], "texture": "#0"},
				"west": {"uv": [5, 2.5, 7, 4.5], "texture": "#0"},
				"up": {"uv": [5, 2.5, 7, 3], "rotation": 90, "texture": "#0"}
			}
		},
		{
			"from": [7.25, 9.5, 6],
			"to": [8.75, 11.5, 11],
			"rotation": {"angle": 0, "axis": "y", "origin": [15.25, 17.5, 14]},
			"faces": {
				"north": {"uv": [0, 2.5, 0.5, 4.5], "texture": "#0"},
				"east": {"uv": [5, 2.5, 0, 4.5], "texture": "#0"},
				"west": {"uv": [0, 2.5, 5, 4.5], "texture": "#0"},
				"up": {"uv": [0, 2.5, 5, 3], "rotation": 90, "texture": "#0"},
				"down": {"uv": [0, 4, 5, 4.5], "rotation": 270, "texture": "#0"}
			}
		},
		{
			"from": [7, 6.5, 8.5],
			"to": [9, 11.5, 11],
			"rotation": {"angle": -45, "axis": "x", "origin": [7, 11.5, 11]},
			"faces": {
				"north": {"uv": [4.5, 6.5, 6.5, 11.5], "texture": "#0"},
				"east": {"uv": [2.5, 6.5, 0, 11.5], "texture": "#0"},
				"south": {"uv": [2.5, 6.5, 4.5, 11.5], "texture": "#0"},
				"west": {"uv": [0, 6.5, 2.5, 11.5], "texture": "#0"},
				"up": {"uv": [0, 6.5, 2.5, 7], "rotation": 90, "texture": "#0"},
				"down": {"uv": [0, 11.5, 2.5, 13.5], "rotation": 270, "texture": "#0"}
			}
		},
		{
			"from": [6.75, 11, 0],
			"to": [9.25, 13.5, 8],
			"rotation": {"angle": -45, "axis": "x", "origin": [7.25, 11, 6]},
			"faces": {
				"north": {"uv": [8, 0, 10.5, 2.5], "texture": "#0"},
				"east": {"uv": [8, 0, 0, 2.5], "texture": "#0"},
				"south": {"uv": [8, 0, 10.5, 2.5], "texture": "#0"},
				"west": {"uv": [0, 0, 8, 2.5], "texture": "#0"},
				"up": {"uv": [0, 0, 8, 2.5], "rotation": 90, "texture": "#0"},
				"down": {"uv": [0, 0, 8, 2.5], "rotation": 270, "texture": "#0"}
			}
		},
		{
			"from": [7, 9, 1],
			"to": [9, 11, 6],
			"rotation": {"angle": -45, "axis": "x", "origin": [7.25, 11, 6]},
			"faces": {
				"north": {"uv": [10, 4.5, 12, 6.5], "texture": "#0"},
				"east": {"uv": [5, 4.5, 0, 6.5], "texture": "#0"},
				"south": {"uv": [4.5, 4.5, 5, 6.5], "texture": "#0"},
				"west": {"uv": [0, 4.5, 5, 6.5], "texture": "#0"},
				"up": {"uv": [0, 4.5, 5, 5], "rotation": 90, "texture": "#0"},
				"down": {"uv": [5, 4.5, 10, 6.5], "rotation": 270, "texture": "#0"}
			}
		},
		{
			"from": [8, 13.5, 0],
			"to": [8, 15.5, 10],
			"rotation": {"angle": -45, "axis": "x", "origin": [7.25, 11, 6]},
			"faces": {
				"north": {"uv": [0, 0, 0, 2], "texture": "#missing"},
				"east": {"uv": [10, 14, 0, 16], "texture": "#0"},
				"south": {"uv": [0, 0, 0, 2], "texture": "#missing"},
				"west": {"uv": [0, 14, 10, 16], "texture": "#0"},
				"up": {"uv": [0, 0, 0, 2], "texture": "#missing"},
				"down": {"uv": [0, 0, 0, 2], "texture": "#missing"}
			}
		}
	],
	"display": {
		"thirdperson_righthand": {
			"rotation": [-6, 10, 5.5],
			"translation": [-0.75, -1.75, 0.25],
			"scale": [0.8, 0.8, 0.8]
		},
		"thirdperson_lefthand": {
			"rotation": [-6, 10, 5.5],
			"translation": [-0.75, -1.75, 0.25],
			"scale": [0.8, 0.8, 0.8]
		},
		"firstperson_righthand": {
			"rotation": [2, -3, 2],
			"translation": [-0.75, -1, -1]
		},
		"firstperson_lefthand": {
			"rotation": [2, -3, 2],
			"translation": [-0.75, -1, -1]
		},
		"ground": {
			"rotation": [0, 0, 90],
			"translation": [2.25, -1.5, 1.25],
			"scale": [0.8, 0.8, 0.8]
		},
		"gui": {
			"rotation": [-30, 135, 5],
			"translation": [0.75, -2.5, 0],
			"scale": [1.1, 1.1, 1.1]
		},
		"head": {
			"rotation": [0, 67, 90],
			"translation": [2, 7.5, -1.75]
		},
		"fixed": {
			"rotation": [0, 90, 0],
			"translation": [1.25, -2.25, -1.25]
		}
	},
	"groups": [0, 1, 2, 3, 4,
		{
			"name": "group",
			"origin": [8, 15.5, 1],
			"children": [5, 6, 7]
		}
	]
}